{
  "urdf": "unitree_ros\\robots\\g1_description\\g1_29dof_rev_1_0.urdf",
  "root_links": [
    "pelvis"
  ],
  "base_link": "pelvis",
  "missing_joint_values_defaulted_to_zero": [
    "left_hip_pitch_joint",
    "left_hip_roll_joint",
    "left_hip_yaw_joint",
    "left_knee_joint",
    "left_ankle_pitch_joint",
    "left_ankle_roll_joint",
    "right_hip_pitch_joint",
    "right_hip_roll_joint",
    "right_hip_yaw_joint",
    "right_knee_joint",
    "right_ankle_pitch_joint",
    "right_ankle_roll_joint"
  ],
  "targets": {
    "d435_link": {
      "position_xyz": [
        0.08307089661294685,
        0.044733358405760634,
        0.46685010515652803
      ],
      "orientation_quat_xyzw": [
        -0.044295852094836295,
        0.4378549174647261,
        0.04506251288633163,
        0.8968223451004773
      ],
      "transform_matrix": [
        [
          0.6125048823686544,
          -0.11961645029170932,
          0.781363982977314,
          0.08307089661294685
        ],
        [
          0.04203582363965231,
          0.9920144948391232,
          0.11891270562902573,
          0.044733358405760634
        ],
        [
          -0.7893483126006523,
          -0.03998933418663416,
          0.6126418974783007,
          0.46685010515652803
        ],
        [
          0.0,
          0.0,
          0.0,
          1.0
        ]
      ]
    },
    "left_wrist_yaw_link": {
      "position_xyz": [
        0.00048109421649846634,
        0.1720537599589966,
        -0.058666293732264424
      ],
      "orientation_quat_xyzw": [
        0.14911359098958932,
        0.4824891153626803,
        0.013700389174092269,
        0.8630073521559397
      ],
      "transform_matrix": [
        [
          0.5340331057860334,
          0.12024429604096043,
          0.8368691362418246,
          0.00048109421649846634
        ],
        [
          0.1675384423795175,
          0.9551548726373358,
          -0.24415167335531401,
          0.1720537599589966
        ],
        [
          -0.8286974793310093,
          0.27059282796624295,
          0.4899387810774556,
          -0.058666293732264424
        ],
        [
          0.0,
          0.0,
          0.0,
          1.0
        ]
      ]
    },
    "right_wrist_yaw_link": {
      "position_xyz": [
        0.06903673961414743,
        -0.1700187080185876,
        -0.04406055309640103
      ],
      "orientation_quat_xyzw": [
        -0.24282133536175457,
        0.4985512786313461,
        0.05078286424628014,
        0.8306055154928411
      ],
      "transform_matrix": [
        [
          0.497735446547988,
          -0.32647882871811607,
          0.8035365577548558,
          0.06903673961414743
        ],
        [
          -0.15775672017617812,
          0.8769177995841564,
          0.4540132046667104,
          -0.1700187080185876
        ],
        [
          -0.8528612093939614,
          -0.3527417570565303,
          0.38496884333636894,
          -0.04406055309640103
        ],
        [
          0.0,
          0.0,
          0.0,
          1.0
        ]
      ]
    }
  }
}
